Feature,Absolute Difference,Relative Difference
hour_entropy,0.09663900745594001,0.03237304424181835
peak_day,5.0,1.4285714285714286
day_entropy,0.003618295075627609,0.0018847438554405421
peak_month,0.0,0.0
month_entropy,0.5027693277940373,0.22796145808488383
mean_time_between_posts,19.393761632471218,1.6325880317416952
std_time_between_posts,24.078344681137796,1.5917987840042955
posts_per_day,9.889221722116439,1.632416025110773
burstiness,0.05707176268467001,0.3985050124306624
